comuna,casos,fecha
La Florida,43,2020-03-30
La Florida,58,2020-04-01
La Florida,67,2020-04-03
La Florida,91,2020-04-06
La Florida,103,2020-04-08
La Florida,126,2020-04-10
La Florida,165,2020-04-13
La Florida,176,2020-04-15
La Florida,211,2020-04-17
La Florida,231,2020-04-20
La Florida,282,2020-04-24
La Florida,328,2020-04-27
La Florida,428,2020-05-01
La Florida,578,2020-05-04
La Florida,824,2020-05-08
La Florida,1071,2020-05-11
La Florida,1538,2020-05-15
La Florida,1887,2020-05-18
La Florida,2514,2020-05-22
La Florida,3256,2020-05-25
La Florida,3927,2020-05-29
La Florida,4550,2020-06-01
La Florida,5237,2020-06-05
La Florida,6031,2020-06-08
La Florida,6879,2020-06-12
La Florida,7633,2020-06-15
La Florida,9515,2020-06-19
La Florida,10208,2020-06-23
La Florida,11143,2020-06-28
La Florida,11510,2020-07-01
La Florida,11966,2020-07-05
La Florida,12342,2020-07-10
La Florida,12589,2020-07-13
La Florida,12835,2020-07-17
La Florida,12936,2020-07-20
La Florida,13038,2020-07-24
La Florida,13156,2020-07-27
La Florida,13274,2020-07-31
La Florida,13357,2020-08-03
La Florida,13500,2020-08-07
La Florida,13626,2020-08-10
La Florida,13737,2020-08-14
La Florida,13824,2020-08-17
La Florida,13894,2020-08-21
La Florida,13980,2020-08-24
La Florida,14079,2020-08-28
La Florida,14186,2020-08-31
La Florida,14320,2020-09-04
La Florida,14439,2020-09-07
La Florida,14572,2020-09-11
La Florida,14653,2020-09-14
La Florida,14766,2020-09-18
La Florida,14831,2020-09-21
La Florida,14928,2020-09-25
La Florida,15004,2020-09-28
La Florida,15106,2020-10-02
La Florida,15188,2020-10-05
La Florida,15260,2020-10-09
La Florida,15322,2020-10-12
La Florida,15411,2020-10-16
La Florida,15485,2020-10-19
La Florida,15576,2020-10-24
La Florida,15618,2020-10-26
La Florida,15681,2020-10-30
La Florida,15754,2020-11-02
La Florida,15822,2020-11-06
La Florida,15867,2020-11-09
La Florida,15916,2020-11-13
La Florida,15978,2020-11-16
La Florida,16045,2020-11-20
La Florida,16115,2020-11-23
La Florida,16216,2020-11-27
La Florida,16316,2020-11-30
La Florida,16401,2020-12-04
La Florida,16470,2020-12-07
La Florida,16562,2020-12-11
La Florida,16667,2020-12-14
La Florida,16786,2020-12-18
La Florida,16906,2020-12-21
La Florida,17039,2020-12-25
La Florida,17129,2020-12-28
La Florida,17316,2021-01-01
La Florida,17445,2021-01-04
La Florida,17645,2021-01-08
La Florida,17813,2021-01-11
La Florida,18017,2021-01-15
La Florida,18166,2021-01-18
La Florida,18353,2021-01-22
La Florida,18495,2021-01-25
La Florida,18730,2021-01-29
La Florida,18881,2021-02-01
La Florida,19006,2021-02-05
La Florida,19151,2021-02-08
La Florida,19346,2021-02-12
La Florida,19471,2021-02-15
La Florida,19715,2021-02-19
La Florida,19841,2021-02-22
La Florida,20105,2021-02-26
La Florida,20338,2021-03-01
La Florida,20676,2021-03-05
La Florida,21051,2021-03-08
La Florida,21549,2021-03-12
La Florida,21934,2021-03-15
La Florida,22496,2021-03-19
La Florida,23064,2021-03-22
La Florida,23664,2021-03-26
La Florida,24255,2021-03-29
La Florida,24952,2021-04-02
La Florida,25583,2021-04-05
La Florida,26411,2021-04-09
La Florida,26848,2021-04-12
La Florida,27680,2021-04-16
La Florida,28207,2021-04-19
La Florida,28942,2021-04-23
La Florida,29462,2021-04-26
La Florida,30156,2021-04-30
La Florida,30613,2021-05-03
La Florida,31206,2021-05-07
La Florida,31625,2021-05-10
La Florida,32256,2021-05-14
La Florida,32798,2021-05-17
La Florida,33538,2021-05-21
La Florida,34161,2021-05-24
La Florida,34984,2021-05-28
La Florida,35647,2021-05-31
La Florida,36636,2021-06-04
La Florida,37227,2021-06-07
La Florida,38058,2021-06-11
La Florida,38702,2021-06-14
La Florida,39389,2021-06-18
La Florida,39873,2021-06-21
La Florida,40374,2021-06-25
La Florida,40745,2021-06-28
La Florida,41082,2021-07-02
La Florida,41295,2021-07-05
La Florida,41544,2021-07-09
La Florida,41730,2021-07-12
La Florida,41860,2021-07-16
La Florida,41938,2021-07-19
La Florida,42090,2021-07-23
La Florida,42181,2021-07-26
La Florida,42310,2021-07-30
La Florida,42406,2021-08-02
La Florida,42515,2021-08-06
La Florida,42618,2021-08-09
La Florida,42757,2021-08-13
La Florida,42858,2021-08-16
La Florida,43003,2021-08-20
La Florida,43074,2021-08-23
La Florida,43170,2021-08-27
La Florida,43249,2021-08-30
La Florida,43338,2021-09-03
La Florida,43389,2021-09-06
La Florida,43441,2021-09-10
La Florida,43482,2021-09-13
La Florida,43542,2021-09-17
La Florida,43586,2021-09-20
La Florida,43698,2021-09-24
La Florida,43755,2021-09-27
La Florida,43845,2021-10-01
La Florida,43948,2021-10-04
La Florida,44046,2021-10-08
La Florida,44116,2021-10-11
La Florida,44243,2021-10-15
La Florida,44368,2021-10-18
La Florida,44569,2021-10-22
La Florida,44739,2021-10-25
La Florida,44934,2021-10-29
La Florida,45090,2021-11-01
La Florida,45273,2021-11-05
La Florida,45447,2021-11-08
La Florida,45681,2021-11-12
La Florida,45824,2021-11-15
La Florida,45971,2021-11-19
La Florida,46089,2021-11-22
La Florida,46235,2021-11-26
La Florida,46314,2021-11-29
La Florida,46375,2021-12-03
La Florida,46447,2021-12-06
La Florida,46502,2021-12-10
La Florida,46555,2021-12-13
La Florida,46622,2021-12-17
La Florida,46649,2021-12-20
La Florida,46694,2021-12-24
La Florida,46744,2021-12-27
La Florida,46799,2021-12-31
La Florida,46853,2022-01-03
La Florida,46973,2022-01-07
La Florida,47127,2022-01-10
La Florida,47463,2022-01-14
La Florida,47838,2022-01-17
La Florida,48339,2022-01-21
La Florida,48874,2022-01-24
La Florida,50540,2022-01-28
La Florida,52439,2022-01-31
La Florida,55297,2022-02-04
La Florida,57080,2022-02-07
La Florida,59753,2022-02-11
La Florida,61556,2022-02-14
La Florida,63621,2022-02-18
La Florida,65092,2022-02-21
La Florida,66622,2022-02-25
La Florida,67759,2022-02-28
La Florida,69095,2022-03-04
La Florida,69985,2022-03-07
La Florida,71108,2022-03-11
La Florida,71841,2022-03-14
La Florida,72777,2022-03-18
La Florida,73310,2022-03-21
La Florida,73909,2022-03-25
La Florida,74341,2022-03-28
La Florida,74750,2022-04-01
La Florida,74992,2022-04-04
La Florida,75318,2022-04-08
La Florida,75564,2022-04-11
La Florida,75829,2022-04-15
La Florida,75964,2022-04-18
La Florida,76231,2022-04-22
La Florida,76418,2022-04-25
La Florida,76690,2022-04-29
La Florida,76871,2022-05-02
La Florida,77229,2022-05-06
La Florida,77479,2022-05-09
La Florida,77926,2022-05-13
La Florida,78365,2022-05-16
La Florida,78984,2022-05-20
La Florida,79421,2022-05-23
La Florida,80180,2022-05-27
La Florida,81050,2022-05-30
Las Condes,181,2020-03-30
Las Condes,208,2020-04-01
Las Condes,224,2020-04-03
Las Condes,258,2020-04-06
Las Condes,266,2020-04-08
Las Condes,281,2020-04-10
Las Condes,296,2020-04-13
Las Condes,306,2020-04-15
Las Condes,320,2020-04-17
Las Condes,326,2020-04-20
Las Condes,346,2020-04-24
Las Condes,355,2020-04-27
Las Condes,409,2020-05-01
Las Condes,477,2020-05-04
Las Condes,626,2020-05-08
Las Condes,738,2020-05-11
Las Condes,961,2020-05-15
Las Condes,1084,2020-05-18
Las Condes,1439,2020-05-22
Las Condes,1765,2020-05-25
Las Condes,2141,2020-05-29
Las Condes,2436,2020-06-01
Las Condes,2747,2020-06-05
Las Condes,3034,2020-06-08
Las Condes,3370,2020-06-12
Las Condes,3623,2020-06-15
Las Condes,4192,2020-06-19
Las Condes,4478,2020-06-23
Las Condes,4747,2020-06-28
Las Condes,4866,2020-07-01
Las Condes,5083,2020-07-05
Las Condes,5255,2020-07-10
Las Condes,5354,2020-07-13
Las Condes,5434,2020-07-17
Las Condes,5494,2020-07-20
Las Condes,5577,2020-07-24
Las Condes,5635,2020-07-27
Las Condes,5688,2020-07-31
Las Condes,5726,2020-08-03
Las Condes,5791,2020-08-07
Las Condes,5850,2020-08-10
Las Condes,5908,2020-08-14
Las Condes,5956,2020-08-17
Las Condes,6022,2020-08-21
Las Condes,6068,2020-08-24
Las Condes,6127,2020-08-28
Las Condes,6167,2020-08-31
Las Condes,6208,2020-09-04
Las Condes,6255,2020-09-07
Las Condes,6307,2020-09-11
Las Condes,6365,2020-09-14
Las Condes,6441,2020-09-18
Las Condes,6473,2020-09-21
Las Condes,6566,2020-09-25
Las Condes,6626,2020-09-28
Las Condes,6716,2020-10-02
Las Condes,6776,2020-10-05
Las Condes,6928,2020-10-09
Las Condes,6972,2020-10-12
Las Condes,7034,2020-10-16
Las Condes,7084,2020-10-19
Las Condes,7178,2020-10-24
Las Condes,7210,2020-10-26
Las Condes,7255,2020-10-30
Las Condes,7290,2020-11-02
Las Condes,7356,2020-11-06
Las Condes,7411,2020-11-09
Las Condes,7449,2020-11-13
Las Condes,7487,2020-11-16
Las Condes,7531,2020-11-20
Las Condes,7575,2020-11-23
Las Condes,7622,2020-11-27
Las Condes,7698,2020-11-30
Las Condes,7770,2020-12-04
Las Condes,7826,2020-12-07
Las Condes,7896,2020-12-11
Las Condes,7956,2020-12-14
Las Condes,8041,2020-12-18
Las Condes,8097,2020-12-21
Las Condes,8202,2020-12-25
Las Condes,8290,2020-12-28
Las Condes,8420,2021-01-01
Las Condes,8497,2021-01-04
Las Condes,8634,2021-01-08
Las Condes,8752,2021-01-11
Las Condes,8895,2021-01-15
Las Condes,9023,2021-01-18
Las Condes,9164,2021-01-22
Las Condes,9264,2021-01-25
Las Condes,9407,2021-01-29
Las Condes,9501,2021-02-01
Las Condes,9606,2021-02-05
Las Condes,9678,2021-02-08
Las Condes,9766,2021-02-12
Las Condes,9849,2021-02-15
Las Condes,9956,2021-02-19
Las Condes,10045,2021-02-22
Las Condes,10175,2021-02-26
Las Condes,10305,2021-03-01
Las Condes,10478,2021-03-05
Las Condes,10649,2021-03-08
Las Condes,10895,2021-03-12
Las Condes,11091,2021-03-15
Las Condes,11395,2021-03-19
Las Condes,11590,2021-03-22
Las Condes,11962,2021-03-26
Las Condes,12247,2021-03-29
Las Condes,12632,2021-04-02
Las Condes,12841,2021-04-05
Las Condes,13139,2021-04-09
Las Condes,13298,2021-04-12
Las Condes,13476,2021-04-16
Las Condes,13597,2021-04-19
Las Condes,13734,2021-04-23
Las Condes,13820,2021-04-26
Las Condes,13986,2021-04-30
Las Condes,14078,2021-05-03
Las Condes,14219,2021-05-07
Las Condes,14332,2021-05-10
Las Condes,14540,2021-05-14
Las Condes,14727,2021-05-17
Las Condes,15010,2021-05-21
Las Condes,15233,2021-05-24
Las Condes,15607,2021-05-28
Las Condes,15885,2021-05-31
Las Condes,16268,2021-06-04
Las Condes,16569,2021-06-07
Las Condes,16963,2021-06-11
Las Condes,17226,2021-06-14
Las Condes,17557,2021-06-18
Las Condes,17752,2021-06-21
Las Condes,17967,2021-06-25
Las Condes,18105,2021-06-28
Las Condes,18268,2021-07-02
Las Condes,18368,2021-07-05
Las Condes,18496,2021-07-09
Las Condes,18556,2021-07-12
Las Condes,18641,2021-07-16
Las Condes,18702,2021-07-19
Las Condes,18770,2021-07-23
Las Condes,18819,2021-07-26
Las Condes,18902,2021-07-30
Las Condes,18969,2021-08-02
Las Condes,19035,2021-08-06
Las Condes,19107,2021-08-09
Las Condes,19225,2021-08-13
Las Condes,19299,2021-08-16
Las Condes,19398,2021-08-20
Las Condes,19448,2021-08-23
Las Condes,19501,2021-08-27
Las Condes,19545,2021-08-30
Las Condes,19612,2021-09-03
Las Condes,19638,2021-09-06
Las Condes,19671,2021-09-10
Las Condes,19698,2021-09-13
Las Condes,19750,2021-09-17
Las Condes,19781,2021-09-20
Las Condes,19854,2021-09-24
Las Condes,19905,2021-09-27
Las Condes,19993,2021-10-01
Las Condes,20047,2021-10-04
Las Condes,20144,2021-10-08
Las Condes,20234,2021-10-11
Las Condes,20383,2021-10-15
Las Condes,20524,2021-10-18
Las Condes,20699,2021-10-22
Las Condes,20850,2021-10-25
Las Condes,21104,2021-10-29
Las Condes,21238,2021-11-01
Las Condes,21394,2021-11-05
Las Condes,21589,2021-11-08
Las Condes,21754,2021-11-12
Las Condes,21847,2021-11-15
Las Condes,21967,2021-11-19
Las Condes,22028,2021-11-22
Las Condes,22122,2021-11-26
Las Condes,22160,2021-11-29
Las Condes,22193,2021-12-03
Las Condes,22214,2021-12-06
Las Condes,22234,2021-12-10
Las Condes,22255,2021-12-13
Las Condes,22301,2021-12-17
Las Condes,22334,2021-12-20
Las Condes,22399,2021-12-24
Las Condes,22448,2021-12-27
Las Condes,22579,2021-12-31
Las Condes,22700,2022-01-03
Las Condes,23062,2022-01-07
Las Condes,23513,2022-01-10
Las Condes,24299,2022-01-14
Las Condes,24964,2022-01-17
Las Condes,25912,2022-01-21
Las Condes,26714,2022-01-24
Las Condes,29632,2022-01-28
Las Condes,31408,2022-01-31
Las Condes,33455,2022-02-04
Las Condes,34946,2022-02-07
Las Condes,36940,2022-02-11
Las Condes,38230,2022-02-14
Las Condes,39810,2022-02-18
Las Condes,40869,2022-02-21
Las Condes,42208,2022-02-25
Las Condes,43019,2022-02-28
Las Condes,44229,2022-03-04
Las Condes,44895,2022-03-07
Las Condes,45860,2022-03-11
Las Condes,46386,2022-03-14
Las Condes,47155,2022-03-18
Las Condes,47648,2022-03-21
Las Condes,48322,2022-03-25
Las Condes,48764,2022-03-28
Las Condes,49320,2022-04-01
Las Condes,49750,2022-04-04
Las Condes,50247,2022-04-08
Las Condes,50549,2022-04-11
Las Condes,50929,2022-04-15
Las Condes,51154,2022-04-18
Las Condes,51517,2022-04-22
Las Condes,51738,2022-04-25
Las Condes,52129,2022-04-29
Las Condes,52413,2022-05-02
Las Condes,52870,2022-05-06
Las Condes,53269,2022-05-09
Las Condes,53858,2022-05-13
Las Condes,54477,2022-05-16
Las Condes,55346,2022-05-20
Las Condes,56041,2022-05-23
Las Condes,57174,2022-05-27
Las Condes,58150,2022-05-30
Maipu,43,2020-03-30
Maipu,55,2020-04-01
Maipu,64,2020-04-03
Maipu,83,2020-04-06
Maipu,106,2020-04-08
Maipu,167,2020-04-10
Maipu,203,2020-04-13
Maipu,241,2020-04-15
Maipu,284,2020-04-17
Maipu,312,2020-04-20
Maipu,364,2020-04-24
Maipu,399,2020-04-27
Maipu,480,2020-05-01
Maipu,580,2020-05-04
Maipu,718,2020-05-08
Maipu,844,2020-05-11
Maipu,1212,2020-05-15
Maipu,1347,2020-05-18
Maipu,2000,2020-05-22
Maipu,2537,2020-05-25
Maipu,3193,2020-05-29
Maipu,3765,2020-06-01
Maipu,4499,2020-06-05
Maipu,5273,2020-06-08
Maipu,6272,2020-06-12
Maipu,7041,2020-06-15
Maipu,9361,2020-06-19
Maipu,10240,2020-06-23
Maipu,11312,2020-06-28
Maipu,11666,2020-07-01
Maipu,12306,2020-07-05
Maipu,12902,2020-07-10
Maipu,13272,2020-07-13
Maipu,13561,2020-07-17
Maipu,13656,2020-07-20
Maipu,13848,2020-07-24
Maipu,13960,2020-07-27
Maipu,14085,2020-07-31
Maipu,14243,2020-08-03
Maipu,14411,2020-08-07
Maipu,14570,2020-08-10
Maipu,14774,2020-08-14
Maipu,14872,2020-08-17
Maipu,15017,2020-08-21
Maipu,15118,2020-08-24
Maipu,15300,2020-08-28
Maipu,15399,2020-08-31
Maipu,15531,2020-09-04
Maipu,15647,2020-09-07
Maipu,15851,2020-09-11
Maipu,15956,2020-09-14
Maipu,16125,2020-09-18
Maipu,16218,2020-09-21
Maipu,16377,2020-09-25
Maipu,16530,2020-09-28
Maipu,16700,2020-10-02
Maipu,16774,2020-10-05
Maipu,16888,2020-10-09
Maipu,16976,2020-10-12
Maipu,17093,2020-10-16
Maipu,17200,2020-10-19
Maipu,17348,2020-10-24
Maipu,17408,2020-10-26
Maipu,17489,2020-10-30
Maipu,17565,2020-11-02
Maipu,17644,2020-11-06
Maipu,17710,2020-11-09
Maipu,17782,2020-11-13
Maipu,17873,2020-11-16
Maipu,17972,2020-11-20
Maipu,18036,2020-11-23
Maipu,18133,2020-11-27
Maipu,18298,2020-11-30
Maipu,18402,2020-12-04
Maipu,18477,2020-12-07
Maipu,18583,2020-12-11
Maipu,18722,2020-12-14
Maipu,18884,2020-12-18
Maipu,19019,2020-12-21
Maipu,19171,2020-12-25
Maipu,19272,2020-12-28
Maipu,19511,2021-01-01
Maipu,19607,2021-01-04
Maipu,19857,2021-01-08
Maipu,20073,2021-01-11
Maipu,20309,2021-01-15
Maipu,20478,2021-01-18
Maipu,20696,2021-01-22
Maipu,20890,2021-01-25
Maipu,21094,2021-01-29
Maipu,21212,2021-02-01
Maipu,21427,2021-02-05
Maipu,21565,2021-02-08
Maipu,21792,2021-02-12
Maipu,21940,2021-02-15
Maipu,22179,2021-02-19
Maipu,22373,2021-02-22
Maipu,22669,2021-02-26
Maipu,22909,2021-03-01
Maipu,23306,2021-03-05
Maipu,23648,2021-03-08
Maipu,24151,2021-03-12
Maipu,24635,2021-03-15
Maipu,25258,2021-03-19
Maipu,25722,2021-03-22
Maipu,26491,2021-03-26
Maipu,27103,2021-03-29
Maipu,27885,2021-04-02
Maipu,28424,2021-04-05
Maipu,29302,2021-04-09
Maipu,29922,2021-04-12
Maipu,30768,2021-04-16
Maipu,31334,2021-04-19
Maipu,31906,2021-04-23
Maipu,32418,2021-04-26
Maipu,33140,2021-04-30
Maipu,33573,2021-05-03
Maipu,34198,2021-05-07
Maipu,34661,2021-05-10
Maipu,35277,2021-05-14
Maipu,35765,2021-05-17
Maipu,36507,2021-05-21
Maipu,37050,2021-05-24
Maipu,37931,2021-05-28
Maipu,38647,2021-05-31
Maipu,39701,2021-06-04
Maipu,40549,2021-06-07
Maipu,41595,2021-06-11
Maipu,42348,2021-06-14
Maipu,43209,2021-06-18
Maipu,43768,2021-06-21
Maipu,44384,2021-06-25
Maipu,44775,2021-06-28
Maipu,45193,2021-07-02
Maipu,45496,2021-07-05
Maipu,45800,2021-07-09
Maipu,45977,2021-07-12
Maipu,46150,2021-07-16
Maipu,46262,2021-07-19
Maipu,46458,2021-07-23
Maipu,46578,2021-07-26
Maipu,46748,2021-07-30
Maipu,46861,2021-08-02
Maipu,46995,2021-08-06
Maipu,47077,2021-08-09
Maipu,47206,2021-08-13
Maipu,47303,2021-08-16
Maipu,47396,2021-08-20
Maipu,47468,2021-08-23
Maipu,47564,2021-08-27
Maipu,47642,2021-08-30
Maipu,47715,2021-09-03
Maipu,47758,2021-09-06
Maipu,47809,2021-09-10
Maipu,47866,2021-09-13
Maipu,47949,2021-09-17
Maipu,48000,2021-09-20
Maipu,48108,2021-09-24
Maipu,48195,2021-09-27
Maipu,48305,2021-10-01
Maipu,48387,2021-10-04
Maipu,48535,2021-10-08
Maipu,48659,2021-10-11
Maipu,48845,2021-10-15
Maipu,49068,2021-10-18
Maipu,49395,2021-10-22
Maipu,49668,2021-10-25
Maipu,50058,2021-10-29
Maipu,50352,2021-11-01
Maipu,50691,2021-11-05
Maipu,50994,2021-11-08
Maipu,51364,2021-11-12
Maipu,51644,2021-11-15
Maipu,51936,2021-11-19
Maipu,52147,2021-11-22
Maipu,52599,2021-11-26
Maipu,52706,2021-11-29
Maipu,52816,2021-12-03
Maipu,52869,2021-12-06
Maipu,52917,2021-12-10
Maipu,52960,2021-12-13
Maipu,52990,2021-12-17
Maipu,53032,2021-12-20
Maipu,53091,2021-12-24
Maipu,53140,2021-12-27
Maipu,53212,2021-12-31
Maipu,53260,2022-01-03
Maipu,53416,2022-01-07
Maipu,53576,2022-01-10
Maipu,53919,2022-01-14
Maipu,54452,2022-01-17
Maipu,55386,2022-01-21
Maipu,56446,2022-01-24
Maipu,59202,2022-01-28
Maipu,61705,2022-01-31
Maipu,64879,2022-02-04
Maipu,67915,2022-02-07
Maipu,71198,2022-02-11
Maipu,73657,2022-02-14
Maipu,76184,2022-02-18
Maipu,78110,2022-02-21
Maipu,80161,2022-02-25
Maipu,81668,2022-02-28
Maipu,83288,2022-03-04
Maipu,84453,2022-03-07
Maipu,85785,2022-03-11
Maipu,86796,2022-03-14
Maipu,87829,2022-03-18
Maipu,88520,2022-03-21
Maipu,89192,2022-03-25
Maipu,89678,2022-03-28
Maipu,90175,2022-04-01
Maipu,90489,2022-04-04
Maipu,90844,2022-04-08
Maipu,91105,2022-04-11
Maipu,91391,2022-04-15
Maipu,91545,2022-04-18
Maipu,91840,2022-04-22
Maipu,92054,2022-04-25
Maipu,92315,2022-04-29
Maipu,92509,2022-05-02
Maipu,92833,2022-05-06
Maipu,93186,2022-05-09
Maipu,93691,2022-05-13
Maipu,94291,2022-05-16
Maipu,95159,2022-05-20
Maipu,95937,2022-05-23
Maipu,97059,2022-05-27
Maipu,98162,2022-05-30
Penalolen,31,2020-03-30
Penalolen,46,2020-04-01
Penalolen,54,2020-04-03
Penalolen,65,2020-04-06
Penalolen,78,2020-04-08
Penalolen,98,2020-04-10
Penalolen,131,2020-04-13
Penalolen,137,2020-04-15
Penalolen,162,2020-04-17
Penalolen,187,2020-04-20
Penalolen,209,2020-04-24
Penalolen,254,2020-04-27
Penalolen,322,2020-05-01
Penalolen,404,2020-05-04
Penalolen,570,2020-05-08
Penalolen,779,2020-05-11
Penalolen,1157,2020-05-15
Penalolen,1469,2020-05-18
Penalolen,2160,2020-05-22
Penalolen,2878,2020-05-25
Penalolen,3505,2020-05-29
Penalolen,4207,2020-06-01
Penalolen,4899,2020-06-05
Penalolen,5552,2020-06-08
Penalolen,6360,2020-06-12
Penalolen,6811,2020-06-15
Penalolen,8368,2020-06-19
Penalolen,9115,2020-06-23
Penalolen,9745,2020-06-28
Penalolen,9952,2020-07-01
Penalolen,10300,2020-07-05
Penalolen,10589,2020-07-10
Penalolen,10796,2020-07-13
Penalolen,11075,2020-07-17
Penalolen,11136,2020-07-20
Penalolen,11281,2020-07-24
Penalolen,11384,2020-07-27
Penalolen,11478,2020-07-31
Penalolen,11560,2020-08-03
Penalolen,11673,2020-08-07
Penalolen,11740,2020-08-10
Penalolen,11811,2020-08-14
Penalolen,11871,2020-08-17
Penalolen,11952,2020-08-21
Penalolen,12017,2020-08-24
Penalolen,12103,2020-08-28
Penalolen,12170,2020-08-31
Penalolen,12236,2020-09-04
Penalolen,12277,2020-09-07
Penalolen,12334,2020-09-11
Penalolen,12368,2020-09-14
Penalolen,12411,2020-09-18
Penalolen,12438,2020-09-21
Penalolen,12495,2020-09-25
Penalolen,12556,2020-09-28
Penalolen,12607,2020-10-02
Penalolen,12636,2020-10-05
Penalolen,12674,2020-10-09
Penalolen,12706,2020-10-12
Penalolen,12735,2020-10-16
Penalolen,12774,2020-10-19
Penalolen,12813,2020-10-24
Penalolen,12835,2020-10-26
Penalolen,12873,2020-10-30
Penalolen,12894,2020-11-02
Penalolen,12928,2020-11-06
Penalolen,12965,2020-11-09
Penalolen,12999,2020-11-13
Penalolen,13039,2020-11-16
Penalolen,13077,2020-11-20
Penalolen,13097,2020-11-23
Penalolen,13146,2020-11-27
Penalolen,13189,2020-11-30
Penalolen,13226,2020-12-04
Penalolen,13258,2020-12-07
Penalolen,13315,2020-12-11
Penalolen,13368,2020-12-14
Penalolen,13431,2020-12-18
Penalolen,13471,2020-12-21
Penalolen,13560,2020-12-25
Penalolen,13630,2020-12-28
Penalolen,13744,2021-01-01
Penalolen,13814,2021-01-04
Penalolen,13971,2021-01-08
Penalolen,14058,2021-01-11
Penalolen,14178,2021-01-15
Penalolen,14259,2021-01-18
Penalolen,14367,2021-01-22
Penalolen,14457,2021-01-25
Penalolen,14549,2021-01-29
Penalolen,14622,2021-02-01
Penalolen,14705,2021-02-05
Penalolen,14773,2021-02-08
Penalolen,14878,2021-02-12
Penalolen,14949,2021-02-15
Penalolen,15059,2021-02-19
Penalolen,15144,2021-02-22
Penalolen,15262,2021-02-26
Penalolen,15396,2021-03-01
Penalolen,15564,2021-03-05
Penalolen,15713,2021-03-08
Penalolen,15996,2021-03-12
Penalolen,16213,2021-03-15
Penalolen,16630,2021-03-19
Penalolen,16936,2021-03-22
Penalolen,17364,2021-03-26
Penalolen,17760,2021-03-29
Penalolen,18231,2021-04-02
Penalolen,18583,2021-04-05
Penalolen,19244,2021-04-09
Penalolen,19651,2021-04-12
Penalolen,20304,2021-04-16
Penalolen,20750,2021-04-19
Penalolen,21337,2021-04-23
Penalolen,21721,2021-04-26
Penalolen,22296,2021-04-30
Penalolen,22663,2021-05-03
Penalolen,23138,2021-05-07
Penalolen,23477,2021-05-10
Penalolen,23999,2021-05-14
Penalolen,24393,2021-05-17
Penalolen,25019,2021-05-21
Penalolen,25450,2021-05-24
Penalolen,26070,2021-05-28
Penalolen,26560,2021-05-31
Penalolen,27270,2021-06-04
Penalolen,27789,2021-06-07
Penalolen,28487,2021-06-11
Penalolen,28917,2021-06-14
Penalolen,29384,2021-06-18
Penalolen,29779,2021-06-21
Penalolen,30171,2021-06-25
Penalolen,30467,2021-06-28
Penalolen,30770,2021-07-02
Penalolen,30962,2021-07-05
Penalolen,31198,2021-07-09
Penalolen,31336,2021-07-12
Penalolen,31457,2021-07-16
Penalolen,31517,2021-07-19
Penalolen,31640,2021-07-23
Penalolen,31714,2021-07-26
Penalolen,31804,2021-07-30
Penalolen,31870,2021-08-02
Penalolen,31964,2021-08-06
Penalolen,32015,2021-08-09
Penalolen,32091,2021-08-13
Penalolen,32148,2021-08-16
Penalolen,32251,2021-08-20
Penalolen,32307,2021-08-23
Penalolen,32376,2021-08-27
Penalolen,32423,2021-08-30
Penalolen,32461,2021-09-03
Penalolen,32519,2021-09-06
Penalolen,32555,2021-09-10
Penalolen,32578,2021-09-13
Penalolen,32605,2021-09-17
Penalolen,32627,2021-09-20
Penalolen,32682,2021-09-24
Penalolen,32724,2021-09-27
Penalolen,32791,2021-10-01
Penalolen,32827,2021-10-04
Penalolen,32896,2021-10-08
Penalolen,32943,2021-10-11
Penalolen,33023,2021-10-15
Penalolen,33123,2021-10-18
Penalolen,33243,2021-10-22
Penalolen,33367,2021-10-25
Penalolen,33509,2021-10-29
Penalolen,33630,2021-11-01
Penalolen,33739,2021-11-05
Penalolen,33879,2021-11-08
Penalolen,34035,2021-11-12
Penalolen,34144,2021-11-15
Penalolen,34273,2021-11-19
Penalolen,34379,2021-11-22
Penalolen,34490,2021-11-26
Penalolen,34549,2021-11-29
Penalolen,34612,2021-12-03
Penalolen,34638,2021-12-06
Penalolen,34657,2021-12-10
Penalolen,34685,2021-12-13
Penalolen,34707,2021-12-17
Penalolen,34710,2021-12-20
Penalolen,34746,2021-12-24
Penalolen,34773,2021-12-27
Penalolen,34801,2021-12-31
Penalolen,34837,2022-01-03
Penalolen,34922,2022-01-07
Penalolen,35045,2022-01-10
Penalolen,35254,2022-01-14
Penalolen,35565,2022-01-17
Penalolen,36114,2022-01-21
Penalolen,36666,2022-01-24
Penalolen,38022,2022-01-28
Penalolen,39349,2022-01-31
Penalolen,41349,2022-02-04
Penalolen,43170,2022-02-07
Penalolen,45193,2022-02-11
Penalolen,46596,2022-02-14
Penalolen,48014,2022-02-18
Penalolen,48946,2022-02-21
Penalolen,49991,2022-02-25
Penalolen,50751,2022-02-28
Penalolen,51628,2022-03-04
Penalolen,52261,2022-03-07
Penalolen,53129,2022-03-11
Penalolen,53644,2022-03-14
Penalolen,54270,2022-03-18
Penalolen,54655,2022-03-21
Penalolen,55128,2022-03-25
Penalolen,55388,2022-03-28
Penalolen,55756,2022-04-01
Penalolen,55960,2022-04-04
Penalolen,56226,2022-04-08
Penalolen,56372,2022-04-11
Penalolen,56588,2022-04-15
Penalolen,56681,2022-04-18
Penalolen,56882,2022-04-22
Penalolen,57027,2022-04-25
Penalolen,57225,2022-04-29
Penalolen,57383,2022-05-02
Penalolen,57619,2022-05-06
Penalolen,57846,2022-05-09
Penalolen,58201,2022-05-13
Penalolen,58494,2022-05-16
Penalolen,58971,2022-05-20
Penalolen,59351,2022-05-23
Penalolen,59985,2022-05-27
Penalolen,60452,2022-05-30
Pudahuel,17,2020-03-30
Pudahuel,25,2020-04-01
Pudahuel,32,2020-04-03
Pudahuel,44,2020-04-06
Pudahuel,52,2020-04-08
Pudahuel,67,2020-04-10
Pudahuel,78,2020-04-13
Pudahuel,88,2020-04-15
Pudahuel,103,2020-04-17
Pudahuel,118,2020-04-20
Pudahuel,137,2020-04-24
Pudahuel,167,2020-04-27
Pudahuel,233,2020-05-01
Pudahuel,288,2020-05-04
Pudahuel,372,2020-05-08
Pudahuel,491,2020-05-11
Pudahuel,622,2020-05-15
Pudahuel,744,2020-05-18
Pudahuel,1095,2020-05-22
Pudahuel,1376,2020-05-25
Pudahuel,1728,2020-05-29
Pudahuel,2288,2020-06-01
Pudahuel,2831,2020-06-05
Pudahuel,3201,2020-06-08
Pudahuel,3906,2020-06-12
Pudahuel,4840,2020-06-15
Pudahuel,6495,2020-06-19
Pudahuel,7236,2020-06-23
Pudahuel,7880,2020-06-28
Pudahuel,8128,2020-07-01
Pudahuel,8443,2020-07-05
Pudahuel,8752,2020-07-10
Pudahuel,8978,2020-07-13
Pudahuel,9158,2020-07-17
Pudahuel,9265,2020-07-20
Pudahuel,9368,2020-07-24
Pudahuel,9415,2020-07-27
Pudahuel,9510,2020-07-31
Pudahuel,9559,2020-08-03
Pudahuel,9665,2020-08-07
Pudahuel,9759,2020-08-10
Pudahuel,9869,2020-08-14
Pudahuel,9945,2020-08-17
Pudahuel,10015,2020-08-21
Pudahuel,10108,2020-08-24
Pudahuel,10218,2020-08-28
Pudahuel,10346,2020-08-31
Pudahuel,10437,2020-09-04
Pudahuel,10505,2020-09-07
Pudahuel,10602,2020-09-11
Pudahuel,10640,2020-09-14
Pudahuel,10705,2020-09-18
Pudahuel,10750,2020-09-21
Pudahuel,10802,2020-09-25
Pudahuel,10856,2020-09-28
Pudahuel,10939,2020-10-02
Pudahuel,10969,2020-10-05
Pudahuel,11006,2020-10-09
Pudahuel,11058,2020-10-12
Pudahuel,11095,2020-10-16
Pudahuel,11154,2020-10-19
Pudahuel,11214,2020-10-24
Pudahuel,11235,2020-10-26
Pudahuel,11275,2020-10-30
Pudahuel,11308,2020-11-02
Pudahuel,11345,2020-11-06
Pudahuel,11379,2020-11-09
Pudahuel,11406,2020-11-13
Pudahuel,11442,2020-11-16
Pudahuel,11489,2020-11-20
Pudahuel,11526,2020-11-23
Pudahuel,11586,2020-11-27
Pudahuel,11668,2020-11-30
Pudahuel,11728,2020-12-04
Pudahuel,11766,2020-12-07
Pudahuel,11824,2020-12-11
Pudahuel,11901,2020-12-14
Pudahuel,11989,2020-12-18
Pudahuel,12042,2020-12-21
Pudahuel,12136,2020-12-25
Pudahuel,12206,2020-12-28
Pudahuel,12351,2021-01-01
Pudahuel,12433,2021-01-04
Pudahuel,12598,2021-01-08
Pudahuel,12699,2021-01-11
Pudahuel,12826,2021-01-15
Pudahuel,12924,2021-01-18
Pudahuel,13052,2021-01-22
Pudahuel,13151,2021-01-25
Pudahuel,13278,2021-01-29
Pudahuel,13372,2021-02-01
Pudahuel,13489,2021-02-05
Pudahuel,13589,2021-02-08
Pudahuel,13734,2021-02-12
Pudahuel,13840,2021-02-15
Pudahuel,13949,2021-02-19
Pudahuel,14037,2021-02-22
Pudahuel,14202,2021-02-26
Pudahuel,14354,2021-03-01
Pudahuel,14537,2021-03-05
Pudahuel,14708,2021-03-08
Pudahuel,14957,2021-03-12
Pudahuel,15232,2021-03-15
Pudahuel,15557,2021-03-19
Pudahuel,15833,2021-03-22
Pudahuel,16328,2021-03-26
Pudahuel,16700,2021-03-29
Pudahuel,17186,2021-04-02
Pudahuel,17557,2021-04-05
Pudahuel,18137,2021-04-09
Pudahuel,18694,2021-04-12
Pudahuel,19189,2021-04-16
Pudahuel,19523,2021-04-19
Pudahuel,19959,2021-04-23
Pudahuel,20305,2021-04-26
Pudahuel,20707,2021-04-30
Pudahuel,21019,2021-05-03
Pudahuel,21390,2021-05-07
Pudahuel,21679,2021-05-10
Pudahuel,22082,2021-05-14
Pudahuel,22369,2021-05-17
Pudahuel,22825,2021-05-21
Pudahuel,23136,2021-05-24
Pudahuel,23629,2021-05-28
Pudahuel,24075,2021-05-31
Pudahuel,24576,2021-06-04
Pudahuel,25055,2021-06-07
Pudahuel,25583,2021-06-11
Pudahuel,25990,2021-06-14
Pudahuel,26364,2021-06-18
Pudahuel,26663,2021-06-21
Pudahuel,26942,2021-06-25
Pudahuel,27169,2021-06-28
Pudahuel,27349,2021-07-02
Pudahuel,27482,2021-07-05
Pudahuel,27647,2021-07-09
Pudahuel,27753,2021-07-12
Pudahuel,27866,2021-07-16
Pudahuel,27937,2021-07-19
Pudahuel,28043,2021-07-23
Pudahuel,28110,2021-07-26
Pudahuel,28179,2021-07-30
Pudahuel,28229,2021-08-02
Pudahuel,28270,2021-08-06
Pudahuel,28319,2021-08-09
Pudahuel,28378,2021-08-13
Pudahuel,28428,2021-08-16
Pudahuel,28467,2021-08-20
Pudahuel,28500,2021-08-23
Pudahuel,28545,2021-08-27
Pudahuel,28573,2021-08-30
Pudahuel,28614,2021-09-03
Pudahuel,28637,2021-09-06
Pudahuel,28668,2021-09-10
Pudahuel,28696,2021-09-13
Pudahuel,28741,2021-09-17
Pudahuel,28763,2021-09-20
Pudahuel,28829,2021-09-24
Pudahuel,28888,2021-09-27
Pudahuel,28944,2021-10-01
Pudahuel,28984,2021-10-04
Pudahuel,29077,2021-10-08
Pudahuel,29177,2021-10-11
Pudahuel,29271,2021-10-15
Pudahuel,29390,2021-10-18
Pudahuel,29568,2021-10-22
Pudahuel,29677,2021-10-25
Pudahuel,29837,2021-10-29
Pudahuel,29987,2021-11-01
Pudahuel,30185,2021-11-05
Pudahuel,30324,2021-11-08
Pudahuel,30529,2021-11-12
Pudahuel,30665,2021-11-15
Pudahuel,30834,2021-11-19
Pudahuel,30943,2021-11-22
Pudahuel,31070,2021-11-26
Pudahuel,31141,2021-11-29
Pudahuel,31215,2021-12-03
Pudahuel,31240,2021-12-06
Pudahuel,31276,2021-12-10
Pudahuel,31301,2021-12-13
Pudahuel,31350,2021-12-17
Pudahuel,31358,2021-12-20
Pudahuel,31381,2021-12-24
Pudahuel,31404,2021-12-27
Pudahuel,31440,2021-12-31
Pudahuel,31495,2022-01-03
Pudahuel,31570,2022-01-07
Pudahuel,31667,2022-01-10
Pudahuel,31880,2022-01-14
Pudahuel,32140,2022-01-17
Pudahuel,32623,2022-01-21
Pudahuel,33214,2022-01-24
Pudahuel,34592,2022-01-28
Pudahuel,35556,2022-01-31
Pudahuel,37168,2022-02-04
Pudahuel,38463,2022-02-07
Pudahuel,40473,2022-02-11
Pudahuel,41593,2022-02-14
Pudahuel,43019,2022-02-18
Pudahuel,43787,2022-02-21
Pudahuel,44612,2022-02-25
Pudahuel,45105,2022-02-28
Pudahuel,45740,2022-03-04
Pudahuel,46126,2022-03-07
Pudahuel,46680,2022-03-11
Pudahuel,47021,2022-03-14
Pudahuel,47438,2022-03-18
Pudahuel,47694,2022-03-21
Pudahuel,47966,2022-03-25
Pudahuel,48136,2022-03-28
Pudahuel,48353,2022-04-01
Pudahuel,48476,2022-04-04
Pudahuel,48625,2022-04-08
Pudahuel,48720,2022-04-11
Pudahuel,48843,2022-04-15
Pudahuel,48900,2022-04-18
Pudahuel,49005,2022-04-22
Pudahuel,49069,2022-04-25
Pudahuel,49165,2022-04-29
Pudahuel,49221,2022-05-02
Pudahuel,49314,2022-05-06
Pudahuel,49429,2022-05-09
Pudahuel,49637,2022-05-13
Pudahuel,49810,2022-05-16
Pudahuel,50135,2022-05-20
Pudahuel,50391,2022-05-23
Pudahuel,50815,2022-05-27
Pudahuel,51126,2022-05-30
Puente Alto,45,2020-03-30
Puente Alto,58,2020-04-01
Puente Alto,76,2020-04-03
Puente Alto,119,2020-04-06
Puente Alto,166,2020-04-08
Puente Alto,239,2020-04-10
Puente Alto,322,2020-04-13
Puente Alto,374,2020-04-15
Puente Alto,472,2020-04-17
Puente Alto,562,2020-04-20
Puente Alto,688,2020-04-24
Puente Alto,764,2020-04-27
Puente Alto,889,2020-05-01
Puente Alto,1129,2020-05-04
Puente Alto,1404,2020-05-08
Puente Alto,1658,2020-05-11
Puente Alto,2165,2020-05-15
Puente Alto,2780,2020-05-18
Puente Alto,3658,2020-05-22
Puente Alto,4495,2020-05-25
Puente Alto,5770,2020-05-29
Puente Alto,6698,2020-06-01
Puente Alto,7939,2020-06-05
Puente Alto,9143,2020-06-08
Puente Alto,10804,2020-06-12
Puente Alto,12212,2020-06-15
Puente Alto,15682,2020-06-19
Puente Alto,16920,2020-06-23
Puente Alto,18366,2020-06-28
Puente Alto,18932,2020-07-01
Puente Alto,19797,2020-07-05
Puente Alto,20536,2020-07-10
Puente Alto,20923,2020-07-13
Puente Alto,21296,2020-07-17
Puente Alto,21568,2020-07-20
Puente Alto,21893,2020-07-24
Puente Alto,22105,2020-07-27
Puente Alto,22315,2020-07-31
Puente Alto,22466,2020-08-03
Puente Alto,22824,2020-08-07
Puente Alto,23065,2020-08-10
Puente Alto,23354,2020-08-14
Puente Alto,23580,2020-08-17
Puente Alto,23799,2020-08-21
Puente Alto,23973,2020-08-24
Puente Alto,24162,2020-08-28
Puente Alto,24324,2020-08-31
Puente Alto,24655,2020-09-04
Puente Alto,24873,2020-09-07
Puente Alto,25110,2020-09-11
Puente Alto,25297,2020-09-14
Puente Alto,25498,2020-09-18
Puente Alto,25575,2020-09-21
Puente Alto,25779,2020-09-25
Puente Alto,25926,2020-09-28
Puente Alto,26122,2020-10-02
Puente Alto,26243,2020-10-05
Puente Alto,26395,2020-10-09
Puente Alto,26541,2020-10-12
Puente Alto,26718,2020-10-16
Puente Alto,26891,2020-10-19
Puente Alto,27112,2020-10-24
Puente Alto,27187,2020-10-26
Puente Alto,27323,2020-10-30
Puente Alto,27427,2020-11-02
Puente Alto,27540,2020-11-06
Puente Alto,27639,2020-11-09
Puente Alto,27744,2020-11-13
Puente Alto,27846,2020-11-16
Puente Alto,27995,2020-11-20
Puente Alto,28110,2020-11-23
Puente Alto,28266,2020-11-27
Puente Alto,28458,2020-11-30
Puente Alto,28615,2020-12-04
Puente Alto,28772,2020-12-07
Puente Alto,28977,2020-12-11
Puente Alto,29202,2020-12-14
Puente Alto,29384,2020-12-18
Puente Alto,29535,2020-12-21
Puente Alto,29771,2020-12-25
Puente Alto,29924,2020-12-28
Puente Alto,30286,2021-01-01
Puente Alto,30494,2021-01-04
Puente Alto,30833,2021-01-08
Puente Alto,31073,2021-01-11
Puente Alto,31412,2021-01-15
Puente Alto,31678,2021-01-18
Puente Alto,32018,2021-01-22
Puente Alto,32278,2021-01-25
Puente Alto,32632,2021-01-29
Puente Alto,32913,2021-02-01
Puente Alto,33185,2021-02-05
Puente Alto,33437,2021-02-08
Puente Alto,33761,2021-02-12
Puente Alto,34014,2021-02-15
Puente Alto,34344,2021-02-19
Puente Alto,34623,2021-02-22
Puente Alto,35047,2021-02-26
Puente Alto,35340,2021-03-01
Puente Alto,35850,2021-03-05
Puente Alto,36328,2021-03-08
Puente Alto,36959,2021-03-12
Puente Alto,37522,2021-03-15
Puente Alto,38359,2021-03-19
Puente Alto,39042,2021-03-22
Puente Alto,39969,2021-03-26
Puente Alto,40822,2021-03-29
Puente Alto,41999,2021-04-02
Puente Alto,42840,2021-04-05
Puente Alto,44317,2021-04-09
Puente Alto,45264,2021-04-12
Puente Alto,46792,2021-04-16
Puente Alto,47916,2021-04-19
Puente Alto,49286,2021-04-23
Puente Alto,50314,2021-04-26
Puente Alto,51754,2021-04-30
Puente Alto,52690,2021-05-03
Puente Alto,53853,2021-05-07
Puente Alto,54630,2021-05-10
Puente Alto,55869,2021-05-14
Puente Alto,56799,2021-05-17
Puente Alto,58153,2021-05-21
Puente Alto,59135,2021-05-24
Puente Alto,60516,2021-05-28
Puente Alto,61615,2021-05-31
Puente Alto,63177,2021-06-04
Puente Alto,64272,2021-06-07
Puente Alto,65663,2021-06-11
Puente Alto,66591,2021-06-14
Puente Alto,67764,2021-06-18
Puente Alto,68623,2021-06-21
Puente Alto,69459,2021-06-25
Puente Alto,70115,2021-06-28
Puente Alto,70635,2021-07-02
Puente Alto,70995,2021-07-05
Puente Alto,71411,2021-07-09
Puente Alto,71667,2021-07-12
Puente Alto,71947,2021-07-16
Puente Alto,72101,2021-07-19
Puente Alto,72340,2021-07-23
Puente Alto,72490,2021-07-26
Puente Alto,72708,2021-07-30
Puente Alto,72837,2021-08-02
Puente Alto,73005,2021-08-06
Puente Alto,73137,2021-08-09
Puente Alto,73322,2021-08-13
Puente Alto,73472,2021-08-16
Puente Alto,73651,2021-08-20
Puente Alto,73746,2021-08-23
Puente Alto,73868,2021-08-27
Puente Alto,73947,2021-08-30
Puente Alto,74059,2021-09-03
Puente Alto,74108,2021-09-06
Puente Alto,74217,2021-09-10
Puente Alto,74280,2021-09-13
Puente Alto,74372,2021-09-17
Puente Alto,74426,2021-09-20
Puente Alto,74533,2021-09-24
Puente Alto,74601,2021-09-27
Puente Alto,74716,2021-10-01
Puente Alto,74796,2021-10-04
Puente Alto,74969,2021-10-08
Puente Alto,75113,2021-10-11
Puente Alto,75353,2021-10-15
Puente Alto,75567,2021-10-18
Puente Alto,75859,2021-10-22
Puente Alto,76097,2021-10-25
Puente Alto,76462,2021-10-29
Puente Alto,76704,2021-11-01
Puente Alto,77080,2021-11-05
Puente Alto,77401,2021-11-08
Puente Alto,77809,2021-11-12
Puente Alto,78055,2021-11-15
Puente Alto,78354,2021-11-19
Puente Alto,78587,2021-11-22
Puente Alto,78921,2021-11-26
Puente Alto,79068,2021-11-29
Puente Alto,79223,2021-12-03
Puente Alto,79292,2021-12-06
Puente Alto,79400,2021-12-10
Puente Alto,79467,2021-12-13
Puente Alto,79517,2021-12-17
Puente Alto,79556,2021-12-20
Puente Alto,79598,2021-12-24
Puente Alto,79640,2021-12-27
Puente Alto,79721,2021-12-31
Puente Alto,79772,2022-01-03
Puente Alto,79930,2022-01-07
Puente Alto,80094,2022-01-10
Puente Alto,80499,2022-01-14
Puente Alto,80947,2022-01-17
Puente Alto,81846,2022-01-21
Puente Alto,82882,2022-01-24
Puente Alto,85387,2022-01-28
Puente Alto,87951,2022-01-31
Puente Alto,91784,2022-02-04
Puente Alto,94992,2022-02-07
Puente Alto,98049,2022-02-11
Puente Alto,100871,2022-02-14
Puente Alto,104021,2022-02-18
Puente Alto,106370,2022-02-21
Puente Alto,108923,2022-02-25
Puente Alto,110690,2022-02-28
Puente Alto,112617,2022-03-04
Puente Alto,114050,2022-03-07
Puente Alto,115659,2022-03-11
Puente Alto,116854,2022-03-14
Puente Alto,118207,2022-03-18
Puente Alto,119107,2022-03-21
Puente Alto,119982,2022-03-25
Puente Alto,120554,2022-03-28
Puente Alto,121245,2022-04-01
Puente Alto,121670,2022-04-04
Puente Alto,122127,2022-04-08
Puente Alto,122457,2022-04-11
Puente Alto,122797,2022-04-15
Puente Alto,123045,2022-04-18
Puente Alto,123416,2022-04-22
Puente Alto,123653,2022-04-25
Puente Alto,123991,2022-04-29
Puente Alto,124175,2022-05-02
Puente Alto,124578,2022-05-06
Puente Alto,124912,2022-05-09
Puente Alto,125490,2022-05-13
Puente Alto,126016,2022-05-16
Puente Alto,126910,2022-05-20
Puente Alto,127489,2022-05-23
Puente Alto,128591,2022-05-27
Puente Alto,129773,2022-05-30
San Bernardo,32,2020-03-30
San Bernardo,41,2020-04-01
San Bernardo,53,2020-04-03
San Bernardo,74,2020-04-06
San Bernardo,79,2020-04-08
San Bernardo,117,2020-04-10
San Bernardo,140,2020-04-13
San Bernardo,156,2020-04-15
San Bernardo,198,2020-04-17
San Bernardo,237,2020-04-20
San Bernardo,318,2020-04-24
San Bernardo,372,2020-04-27
San Bernardo,435,2020-05-01
San Bernardo,544,2020-05-04
San Bernardo,683,2020-05-08
San Bernardo,773,2020-05-11
San Bernardo,1018,2020-05-15
San Bernardo,1247,2020-05-18
San Bernardo,1807,2020-05-22
San Bernardo,2116,2020-05-25
San Bernardo,2539,2020-05-29
San Bernardo,2877,2020-06-01
San Bernardo,3408,2020-06-05
San Bernardo,3845,2020-06-08
San Bernardo,4688,2020-06-12
San Bernardo,5280,2020-06-15
San Bernardo,7055,2020-06-19
San Bernardo,7726,2020-06-23
San Bernardo,8626,2020-06-28
San Bernardo,8974,2020-07-01
San Bernardo,9436,2020-07-05
San Bernardo,9831,2020-07-10
San Bernardo,10089,2020-07-13
San Bernardo,10310,2020-07-17
San Bernardo,10426,2020-07-20
San Bernardo,10576,2020-07-24
San Bernardo,10679,2020-07-27
San Bernardo,10789,2020-07-31
San Bernardo,10883,2020-08-03
San Bernardo,11027,2020-08-07
San Bernardo,11117,2020-08-10
San Bernardo,11251,2020-08-14
San Bernardo,11321,2020-08-17
San Bernardo,11411,2020-08-21
San Bernardo,11480,2020-08-24
San Bernardo,11625,2020-08-28
San Bernardo,11682,2020-08-31
San Bernardo,11763,2020-09-04
San Bernardo,11814,2020-09-07
San Bernardo,11896,2020-09-11
San Bernardo,11965,2020-09-14
San Bernardo,12018,2020-09-18
San Bernardo,12063,2020-09-21
San Bernardo,12131,2020-09-25
San Bernardo,12184,2020-09-28
San Bernardo,12294,2020-10-02
San Bernardo,12322,2020-10-05
San Bernardo,12420,2020-10-09
San Bernardo,12472,2020-10-12
San Bernardo,12517,2020-10-16
San Bernardo,12561,2020-10-19
San Bernardo,12652,2020-10-24
San Bernardo,12687,2020-10-26
San Bernardo,12789,2020-10-30
San Bernardo,12851,2020-11-02
San Bernardo,12911,2020-11-06
San Bernardo,12968,2020-11-09
San Bernardo,13024,2020-11-13
San Bernardo,13073,2020-11-16
San Bernardo,13117,2020-11-20
San Bernardo,13165,2020-11-23
San Bernardo,13237,2020-11-27
San Bernardo,13343,2020-11-30
San Bernardo,13409,2020-12-04
San Bernardo,13471,2020-12-07
San Bernardo,13540,2020-12-11
San Bernardo,13689,2020-12-14
San Bernardo,13791,2020-12-18
San Bernardo,13851,2020-12-21
San Bernardo,13932,2020-12-25
San Bernardo,13988,2020-12-28
San Bernardo,14080,2021-01-01
San Bernardo,14146,2021-01-04
San Bernardo,14250,2021-01-08
San Bernardo,14349,2021-01-11
San Bernardo,14499,2021-01-15
San Bernardo,14616,2021-01-18
San Bernardo,14781,2021-01-22
San Bernardo,14913,2021-01-25
San Bernardo,15079,2021-01-29
San Bernardo,15188,2021-02-01
San Bernardo,15328,2021-02-05
San Bernardo,15429,2021-02-08
San Bernardo,15564,2021-02-12
San Bernardo,15695,2021-02-15
San Bernardo,15824,2021-02-19
San Bernardo,15957,2021-02-22
San Bernardo,16149,2021-02-26
San Bernardo,16290,2021-03-01
San Bernardo,16569,2021-03-05
San Bernardo,16779,2021-03-08
San Bernardo,17099,2021-03-12
San Bernardo,17341,2021-03-15
San Bernardo,17813,2021-03-19
San Bernardo,18144,2021-03-22
San Bernardo,18608,2021-03-26
San Bernardo,19140,2021-03-29
San Bernardo,19769,2021-04-02
San Bernardo,20198,2021-04-05
San Bernardo,20871,2021-04-09
San Bernardo,21426,2021-04-12
San Bernardo,22176,2021-04-16
San Bernardo,22753,2021-04-19
San Bernardo,23487,2021-04-23
San Bernardo,23894,2021-04-26
San Bernardo,24662,2021-04-30
San Bernardo,25071,2021-05-03
San Bernardo,25703,2021-05-07
San Bernardo,26142,2021-05-10
San Bernardo,26738,2021-05-14
San Bernardo,27275,2021-05-17
San Bernardo,27877,2021-05-21
San Bernardo,28372,2021-05-24
San Bernardo,29073,2021-05-28
San Bernardo,29635,2021-05-31
San Bernardo,30393,2021-06-04
San Bernardo,30963,2021-06-07
San Bernardo,31685,2021-06-11
San Bernardo,32295,2021-06-14
San Bernardo,32890,2021-06-18
San Bernardo,33304,2021-06-21
San Bernardo,33714,2021-06-25
San Bernardo,34027,2021-06-28
San Bernardo,34295,2021-07-02
San Bernardo,34527,2021-07-05
San Bernardo,34760,2021-07-09
San Bernardo,34918,2021-07-12
San Bernardo,35035,2021-07-16
San Bernardo,35108,2021-07-19
San Bernardo,35227,2021-07-23
San Bernardo,35315,2021-07-26
San Bernardo,35416,2021-07-30
San Bernardo,35487,2021-08-02
San Bernardo,35563,2021-08-06
San Bernardo,35615,2021-08-09
San Bernardo,35700,2021-08-13
San Bernardo,35745,2021-08-16
San Bernardo,35808,2021-08-20
San Bernardo,35862,2021-08-23
San Bernardo,35926,2021-08-27
San Bernardo,35962,2021-08-30
San Bernardo,36021,2021-09-03
San Bernardo,36044,2021-09-06
San Bernardo,36081,2021-09-10
San Bernardo,36106,2021-09-13
San Bernardo,36145,2021-09-17
San Bernardo,36173,2021-09-20
San Bernardo,36241,2021-09-24
San Bernardo,36313,2021-09-27
San Bernardo,36375,2021-10-01
San Bernardo,36400,2021-10-04
San Bernardo,36477,2021-10-08
San Bernardo,36550,2021-10-11
San Bernardo,36627,2021-10-15
San Bernardo,36748,2021-10-18
San Bernardo,36875,2021-10-22
San Bernardo,36971,2021-10-25
San Bernardo,37146,2021-10-29
San Bernardo,37253,2021-11-01
San Bernardo,37408,2021-11-05
San Bernardo,37537,2021-11-08
San Bernardo,37764,2021-11-12
San Bernardo,37895,2021-11-15
San Bernardo,38080,2021-11-19
San Bernardo,38211,2021-11-22
San Bernardo,38369,2021-11-26
San Bernardo,38440,2021-11-29
San Bernardo,38504,2021-12-03
San Bernardo,38545,2021-12-06
San Bernardo,38587,2021-12-10
San Bernardo,38614,2021-12-13
San Bernardo,38654,2021-12-17
San Bernardo,38675,2021-12-20
San Bernardo,38694,2021-12-24
San Bernardo,38711,2021-12-27
San Bernardo,38735,2021-12-31
San Bernardo,38775,2022-01-03
San Bernardo,38837,2022-01-07
San Bernardo,38916,2022-01-10
San Bernardo,39064,2022-01-14
San Bernardo,39316,2022-01-17
San Bernardo,39769,2022-01-21
San Bernardo,40216,2022-01-24
San Bernardo,41370,2022-01-28
San Bernardo,42329,2022-01-31
San Bernardo,43701,2022-02-04
San Bernardo,45157,2022-02-07
San Bernardo,47330,2022-02-11
San Bernardo,48728,2022-02-14
San Bernardo,50200,2022-02-18
San Bernardo,51276,2022-02-21
San Bernardo,52310,2022-02-25
San Bernardo,53177,2022-02-28
San Bernardo,54032,2022-03-04
San Bernardo,54751,2022-03-07
San Bernardo,55430,2022-03-11
San Bernardo,55948,2022-03-14
San Bernardo,56489,2022-03-18
San Bernardo,56873,2022-03-21
San Bernardo,57210,2022-03-25
San Bernardo,57490,2022-03-28
San Bernardo,57773,2022-04-01
San Bernardo,57963,2022-04-04
San Bernardo,58152,2022-04-08
San Bernardo,58286,2022-04-11
San Bernardo,58423,2022-04-15
San Bernardo,58489,2022-04-18
San Bernardo,58624,2022-04-22
San Bernardo,58692,2022-04-25
San Bernardo,58843,2022-04-29
San Bernardo,58951,2022-05-02
San Bernardo,59126,2022-05-06
San Bernardo,59268,2022-05-09
San Bernardo,59505,2022-05-13
San Bernardo,59786,2022-05-16
San Bernardo,60137,2022-05-20
San Bernardo,60439,2022-05-23
San Bernardo,60894,2022-05-27
San Bernardo,61433,2022-05-30
Santiago,127,2020-03-30
Santiago,156,2020-04-01
Santiago,173,2020-04-03
Santiago,234,2020-04-06
Santiago,271,2020-04-08
Santiago,321,2020-04-10
Santiago,375,2020-04-13
Santiago,404,2020-04-15
Santiago,463,2020-04-17
Santiago,500,2020-04-20
Santiago,608,2020-04-24
Santiago,700,2020-04-27
Santiago,980,2020-05-01
Santiago,1294,2020-05-04
Santiago,1666,2020-05-08
Santiago,1873,2020-05-11
Santiago,2627,2020-05-15
Santiago,2961,2020-05-18
Santiago,3935,2020-05-22
Santiago,4618,2020-05-25
Santiago,5617,2020-05-29
Santiago,6278,2020-06-01
Santiago,7089,2020-06-05
Santiago,7786,2020-06-08
Santiago,8818,2020-06-12
Santiago,9412,2020-06-15
Santiago,11123,2020-06-19
Santiago,11831,2020-06-23
Santiago,12481,2020-06-28
Santiago,12728,2020-07-01
Santiago,13146,2020-07-05
Santiago,13592,2020-07-10
Santiago,13852,2020-07-13
Santiago,14041,2020-07-17
Santiago,14142,2020-07-20
Santiago,14329,2020-07-24
Santiago,14463,2020-07-27
Santiago,14541,2020-07-31
Santiago,14648,2020-08-03
Santiago,14741,2020-08-07
Santiago,14861,2020-08-10
Santiago,14986,2020-08-14
Santiago,15052,2020-08-17
Santiago,15125,2020-08-21
Santiago,15195,2020-08-24
Santiago,15311,2020-08-28
Santiago,15398,2020-08-31
Santiago,15516,2020-09-04
Santiago,15604,2020-09-07
Santiago,15720,2020-09-11
Santiago,15791,2020-09-14
Santiago,15880,2020-09-18
Santiago,15916,2020-09-21
Santiago,16006,2020-09-25
Santiago,16083,2020-09-28
Santiago,16202,2020-10-02
Santiago,16269,2020-10-05
Santiago,16334,2020-10-09
Santiago,16407,2020-10-12
Santiago,16489,2020-10-16
Santiago,16588,2020-10-19
Santiago,16679,2020-10-24
Santiago,16724,2020-10-26
Santiago,16796,2020-10-30
Santiago,16878,2020-11-02
Santiago,16964,2020-11-06
Santiago,17010,2020-11-09
Santiago,17071,2020-11-13
Santiago,17146,2020-11-16
Santiago,17214,2020-11-20
Santiago,17274,2020-11-23
Santiago,17333,2020-11-27
Santiago,17528,2020-11-30
Santiago,17677,2020-12-04
Santiago,17792,2020-12-07
Santiago,17903,2020-12-11
Santiago,18020,2020-12-14
Santiago,18171,2020-12-18
Santiago,18289,2020-12-21
Santiago,18440,2020-12-25
Santiago,18517,2020-12-28
Santiago,18745,2021-01-01
Santiago,18867,2021-01-04
Santiago,19116,2021-01-08
Santiago,19359,2021-01-11
Santiago,19611,2021-01-15
Santiago,19795,2021-01-18
Santiago,20059,2021-01-22
Santiago,20266,2021-01-25
Santiago,20541,2021-01-29
Santiago,20719,2021-02-01
Santiago,20922,2021-02-05
Santiago,21091,2021-02-08
Santiago,21324,2021-02-12
Santiago,21518,2021-02-15
Santiago,21791,2021-02-19
Santiago,22004,2021-02-22
Santiago,22322,2021-02-26
Santiago,22584,2021-03-01
Santiago,22998,2021-03-05
Santiago,23326,2021-03-08
Santiago,23861,2021-03-12
Santiago,24276,2021-03-15
Santiago,24877,2021-03-19
Santiago,25294,2021-03-22
Santiago,25905,2021-03-26
Santiago,26415,2021-03-29
Santiago,27160,2021-04-02
Santiago,27657,2021-04-05
Santiago,28343,2021-04-09
Santiago,28861,2021-04-12
Santiago,29488,2021-04-16
Santiago,29976,2021-04-19
Santiago,30546,2021-04-23
Santiago,30967,2021-04-26
Santiago,31694,2021-04-30
Santiago,32093,2021-05-03
Santiago,32608,2021-05-07
Santiago,32975,2021-05-10
Santiago,33500,2021-05-14
Santiago,33961,2021-05-17
Santiago,34620,2021-05-21
Santiago,35181,2021-05-24
Santiago,36017,2021-05-28
Santiago,36662,2021-05-31
Santiago,37590,2021-06-04
Santiago,38396,2021-06-07
Santiago,39392,2021-06-11
Santiago,40097,2021-06-14
Santiago,40805,2021-06-18
Santiago,41238,2021-06-21
Santiago,41643,2021-06-25
Santiago,41914,2021-06-28
Santiago,42163,2021-07-02
Santiago,42377,2021-07-05
Santiago,42640,2021-07-09
Santiago,42778,2021-07-12
Santiago,42966,2021-07-16
Santiago,43096,2021-07-19
Santiago,43251,2021-07-23
Santiago,43330,2021-07-26
Santiago,43442,2021-07-30
Santiago,43525,2021-08-02
Santiago,43638,2021-08-06
Santiago,43733,2021-08-09
Santiago,43826,2021-08-13
Santiago,43902,2021-08-16
Santiago,44000,2021-08-20
Santiago,44072,2021-08-23
Santiago,44154,2021-08-27
Santiago,44225,2021-08-30
Santiago,44329,2021-09-03
Santiago,44385,2021-09-06
Santiago,44472,2021-09-10
Santiago,44521,2021-09-13
Santiago,44607,2021-09-17
Santiago,44662,2021-09-20
Santiago,44788,2021-09-24
Santiago,44912,2021-09-27
Santiago,45055,2021-10-01
Santiago,45147,2021-10-04
Santiago,45330,2021-10-08
Santiago,45515,2021-10-11
Santiago,45751,2021-10-15
Santiago,46033,2021-10-18
Santiago,46400,2021-10-22
Santiago,46668,2021-10-25
Santiago,47098,2021-10-29
Santiago,47376,2021-11-01
Santiago,47680,2021-11-05
Santiago,47982,2021-11-08
Santiago,48335,2021-11-12
Santiago,48577,2021-11-15
Santiago,48908,2021-11-19
Santiago,49120,2021-11-22
Santiago,49424,2021-11-26
Santiago,49594,2021-11-29
Santiago,49748,2021-12-03
Santiago,49823,2021-12-06
Santiago,49917,2021-12-10
Santiago,49991,2021-12-13
Santiago,50080,2021-12-17
Santiago,50140,2021-12-20
Santiago,50256,2021-12-24
Santiago,50319,2021-12-27
Santiago,50461,2021-12-31
Santiago,50574,2022-01-03
Santiago,50834,2022-01-07
Santiago,51171,2022-01-10
Santiago,51839,2022-01-14
Santiago,52700,2022-01-17
Santiago,53975,2022-01-21
Santiago,55596,2022-01-24
Santiago,61070,2022-01-28
Santiago,64771,2022-01-31
Santiago,69348,2022-02-04
Santiago,73105,2022-02-07
Santiago,77350,2022-02-11
Santiago,79872,2022-02-14
Santiago,82925,2022-02-18
Santiago,84991,2022-02-21
Santiago,87088,2022-02-25
Santiago,88501,2022-02-28
Santiago,90315,2022-03-04
Santiago,91289,2022-03-07
Santiago,92592,2022-03-11
Santiago,93370,2022-03-14
Santiago,94398,2022-03-18
Santiago,95079,2022-03-21
Santiago,95908,2022-03-25
Santiago,96487,2022-03-28
Santiago,97116,2022-04-01
Santiago,97548,2022-04-04
Santiago,97845,2022-04-08
Santiago,98110,2022-04-11
Santiago,98416,2022-04-15
Santiago,98653,2022-04-18
Santiago,98973,2022-04-22
Santiago,99149,2022-04-25
Santiago,99468,2022-04-29
Santiago,99738,2022-05-02
Santiago,100128,2022-05-06
Santiago,100549,2022-05-09
Santiago,101264,2022-05-13
Santiago,101999,2022-05-16
Santiago,102942,2022-05-20
Santiago,103780,2022-05-23
Santiago,104994,2022-05-27
Santiago,106182,2022-05-30
